{"y":{"0":0,"1":0,"2":1,"3":1},"y_hat":{"0":0,"1":1,"2":0,"3":1},"pct_results":{"0":0.4455088249,"1":0.0114165737,"2":0.0091201365,"3":0.5339544649},"model":{"0":"DecisionTree_V1","1":"DecisionTree_V1","2":"DecisionTree_V1","3":"DecisionTree_V1"}}